{
  "dashboard": {
    "metaObjectClass": "com.webaction.runtime.meta.MetaInfo$Dashboard",
    "name": "MeetupMap",
    "uri": "NS2:DASHBOARD:MEETUPMAP:1",
    "uuid": {
      "uuidstring": "01ea080c-8fe0-8ff1-9d8c-8cae4cf129d6"
    },
    "version": 1,
    "owner": 0,
    "ctime": 1425685399540,
    "nsName": "ns2",
    "namespaceId": {
      "uuidstring": "01ea080c-8f6b-5ff1-9d8c-8cae4cf129d6"
    },
    "type": "DASHBOARD",
    "description": null,
    "reverseIndexObjectDependencies": [],
    "sourceText": null,
    "metaInfoStatus": {
      "anonymous": false,
      "dropped": false,
      "generated": false,
      "adhoc": false,
      "valid": true
    },
    "coDependentObjects": [],
    "title": "",
    "defaultLandingPage": "Page209",
    "pages": [
      "Page209"
    ]
  },
  "pages": [
    {
      "metaObjectClass": "com.webaction.runtime.meta.MetaInfo$Page",
      "name": "Page209",
      "uri": "NS2:PAGE:PAGE209:1",
      "uuid": {
        "uuidstring": "01ea080c-8fe0-8ff2-9d8c-8cae4cf129d6"
      },
      "version": 1,
      "owner": 0,
      "ctime": 1425685399530,
      "nsName": "ns2",
      "namespaceId": {
        "uuidstring": "01ea080c-8f6b-5ff1-9d8c-8cae4cf129d6"
      },
      "type": "PAGE",
      "description": null,
      "reverseIndexObjectDependencies": [],
      "sourceText": null,
      "metaInfoStatus": {
        "anonymous": false,
        "dropped": false,
        "generated": false,
        "adhoc": false,
        "valid": true
      },
      "coDependentObjects": [],
      "title": "Default Dashboard Page",
      "gridJSON": "{\"components\":[{\"x\":0.0,\"y\":0.0,\"width\":12.0,\"height\":42,\"id\":\"gridcomponent715\",\"style\":{\"margin\":0,\"background\":{\"color\":\"transparent\"},\"border\":{\"color\":\"transparent\",\"size\":0}},\"content_id\":\"VectorMap605\"}],\"settings\":{\"type\":\"TWELVECOLGRID\",\"cols\":12,\"cellheight\":20},\"id\":\"grid202\"}",
      "queryVisualizations": [
        "VectorMap605"
      ]
    }
  ],
  "queryVisualizations": [
    {
      "metaObjectClass": "com.webaction.runtime.meta.MetaInfo$QueryVisualization",
      "name": "VectorMap605",
      "uri": "NS2:QUERYVISUALIZATION:VECTORMAP605:1",
      "uuid": {
        "uuidstring": "01ea080c-8fe0-8ff3-9d8c-8cae4cf129d6"
      },
      "version": 1,
      "owner": 0,
      "ctime": 1550611009934,
      "nsName": "ns2",
      "namespaceId": {
        "uuidstring": "01ea080c-8f6b-5ff1-9d8c-8cae4cf129d6"
      },
      "type": "QUERYVISUALIZATION",
      "description": null,
      "reverseIndexObjectDependencies": [],
      "sourceText": null,
      "metaInfoStatus": {
        "anonymous": false,
        "dropped": false,
        "generated": false,
        "adhoc": false,
        "valid": true
      },
      "coDependentObjects": [],
      "title": "Untitled VectorMap",
      "query": "mapq1",
      "visualizationType": "VectorMap",
      "config": "{\"locationType\":\"LONGITUDE\",\"longitudeField\":\"lon\",\"latitudeField\":\"lat\",\"valueField\":\"\",\"viewCenterLongitude\":36,\"viewCenterLatitude\":-50,\"viewXOffset\":null,\"viewYOffset\":null,\"viewZoom\":null,\"tilesUrl\":\"http://{s}.tile.osm.org/{z}/{x}/{y}.png\",\"minBubbleSize\":10,\"maxBubbleSize\":10,\"retentionStrategyType\":\"all\",\"categoryField\":\"\",\"colorField\":\"group_name\",\"show_legend\":true,\"countryCode\":\"\",\"drilldown\":{\"show_drilldown\":false,\"page\":\"\",\"pageparams\":[]},\"tooltips\":{\"show_all\":false,\"tooltip_values\":[{\"id\":\"tooltip_values2005\",\"label\":\"group\",\"srcfield\":\"group_name\"},{\"id\":\"tooltip_values2079\",\"label\":\"event\",\"srcfield\":\"event_name\"},{\"id\":\"tooltip_values2151\",\"label\":\"venue\",\"srcfield\":\"venue_name\"},{\"id\":\"tooltip_values2223\",\"label\":\"city\",\"srcfield\":\"group_city\"},{\"id\":\"tooltip_values2295\",\"label\":\"country\",\"srcfield\":\"group_country\"},{\"id\":\"tooltip_values9059\",\"label\":\"time\",\"srcfield\":\"time\"}]},\"conditionalColor\":[],\"timeField\":\"\",\"maxValues\":\"50\",\"maxSeries\":\"20\",\"zIndex\":1,\"_spec\":{\"extends\":{\"name\":\"Map\",\"properties\":[{\"attribute\":\"locationType\",\"value\":\"LONGITUDE\"},{\"attribute\":\"latitudeField\",\"value\":\"\"},{\"attribute\":\"longitudeField\",\"value\":\"\"},{\"attribute\":\"countryCode\"},{\"attribute\":\"valueField\",\"value\":\"\"},{\"attribute\":\"viewCenterLatitude\",\"value\":-50},{\"attribute\":\"viewCenterLongitude\",\"value\":36},{\"attribute\":\"viewXOffset\",\"value\":null},{\"attribute\":\"viewYOffset\",\"value\":null},{\"attribute\":\"viewZoom\",\"value\":null},{\"attribute\":\"data\"},{\"attribute\":\"tilesUrl\",\"value\":\"http://{s}.tile.osm.org/{z}/{x}/{y}.png\"},{\"attribute\":\"minBubbleSize\",\"value\":10},{\"attribute\":\"maxBubbleSize\",\"value\":10},{\"attribute\":\"retentionStrategyType\",\"value\":\"all\"},{\"attribute\":\"categoryField\",\"value\":\"\"},{\"attribute\":\"timeField\",\"value\":\"\"},{\"attribute\":\"colorField\",\"value\":\"\"},{\"attribute\":\"filter\",\"type\":{\"extends\":{\"name\":\"PageParamFilter\",\"properties\":[{\"attribute\":\"visible\",\"value\":true}]}}},{\"attribute\":\"pollingQuerySettings\",\"type\":{\"extends\":{\"name\":\"PollingQuerySettings\",\"properties\":[{\"attribute\":\"pollingEnabled\",\"value\":true},{\"attribute\":\"pollingInterval\",\"value\":5}]}}},{\"attribute\":\"drilldown\",\"type\":{\"extends\":{\"name\":\"DrillDown\",\"properties\":[{\"attribute\":\"show_drilldown\",\"value\":false},{\"attribute\":\"page\"},{\"attribute\":\"pageparams\",\"type\":{\"itemtype\":{\"properties\":[{\"attribute\":\"pageparam\"},{\"attribute\":\"srcfield\"}]}}}]}}},{\"attribute\":\"tooltips\",\"type\":{\"extends\":{\"name\":\"Tooltips\",\"properties\":[{\"attribute\":\"show_all\",\"value\":true},{\"attribute\":\"tooltip_values\",\"type\":{\"itemtype\":{\"properties\":[{\"attribute\":\"label\"},{\"attribute\":\"srcfield\"}]}}}]}}},{\"attribute\":\"conditionalColor\",\"type\":{\"extends\":{\"name\":\"ConditionalColors\",\"itemtype\":{\"extends\":{\"name\":\"WebActionCondition\",\"properties\":[{\"attribute\":\"expression\"},{\"attribute\":\"matched\",\"value\":false}]},\"properties\":[{\"attribute\":\"style\",\"type\":{\"properties\":[{\"attribute\":\"color\",\"value\":\"#000\"},{\"attribute\":\"alias\",\"value\":\"\"}]}}]}}}},{\"attribute\":\"show_legend\",\"value\":false},{\"attribute\":\"maxValues\",\"value\":\"100\"},{\"attribute\":\"maxSeries\",\"value\":\"20\"},{\"attribute\":\"zIndex\",\"value\":1}]}},\"colors\":[],\"filter\":{\"visible\":true},\"pollingQuerySettings\":{\"pollingEnabled\":true,\"pollingInterval\":5},\"maxPoints\":\"50\"}"
    }
  ],
  "parametrizedQuery": [
    {
      "metaObjectClass": "com.webaction.runtime.meta.MetaInfo$Query",
      "name": "mapq1",
      "uri": "NS2:QUERY:MAPQ1:1",
      "uuid": {
        "uuidstring": "01ea080c-8fe1-c871-9d8c-8cae4cf129d6"
      },
      "version": 1,
      "owner": 0,
      "ctime": 1573866063566,
      "nsName": "ns2",
      "namespaceId": {
        "uuidstring": "01ea080c-8f6b-5ff1-9d8c-8cae4cf129d6"
      },
      "type": "QUERY",
      "description": null,
      "reverseIndexObjectDependencies": [],
      "sourceText": null,
      "metaInfoStatus": {
        "anonymous": false,
        "dropped": false,
        "generated": false,
        "adhoc": false,
        "valid": true
      },
      "coDependentObjects": [],
      "adhocQuery": false,
      "queryDefinition": "SELECT * FROM MeetupWAS [1 SECOND AND PUSH];",
      "appUUID": {
        "uuidstring": "01ea080c-8fe1-c872-9d8c-8cae4cf129d6"
      },
      "streamUUID": {
        "uuidstring": "01ea080c-8fe4-6081-9d8c-8cae4cf129d6"
      },
      "cqUUID": {
        "uuidstring": "01ea080c-8fec-ec01-9d8c-8cae4cf129d6"
      },
      "typeInfo": {
        "venue_name": 5,
        "group_city": 6,
        "group_country": 7,
        "group_name": 2,
        "event_name": 3,
        "lon": 9,
        "time": 4,
        "venue_id": 1,
        "lat": 8
      },
      "queryParameters": [],
      "bindParameters": null,
      "projectionFields": [
        {
          "name": "venue_id",
          "type": "java.lang.Integer"
        },
        {
          "name": "group_name",
          "type": "java.lang.String"
        },
        {
          "name": "event_name",
          "type": "java.lang.String"
        },
        {
          "name": "time",
          "type": "org.joda.time.DateTime"
        },
        {
          "name": "venue_name",
          "type": "java.lang.String"
        },
        {
          "name": "group_city",
          "type": "java.lang.String"
        },
        {
          "name": "group_country",
          "type": "java.lang.String"
        },
        {
          "name": "lat",
          "type": "java.lang.Double"
        },
        {
          "name": "lon",
          "type": "java.lang.Double"
        }
      ]
    }
  ]
}