BUSINESS NAME, MERCHANT ID, PRIMARY ACCOUNT NUMBER, POS DATA CODE, DATETIME, EXP DATE, CURRENCY CODE, AUTH AMOUNT, TERMINAL ID, ZIP, CITY
COMPANY 1,D6RJPwyuLXoLqQRQcOcouJ26KGxJSf6hgbu,6705362103919221351,0,20130312173210,0916,USD,2.20,5150279519809946,41363,Quicksand
COMPANY 2,OFp6pKTMg26n1iiFY00M9uSqh9ZfMxMBRf1,4710011837121304048,4,20130312173210,0815,USD,22.78,5985180438915120,16950,Westfield
COMPANY 3,ljh71ujKshzWNfXMdQyN8O7vaNHlmPCCnAx,2553303262790204445,6,20130312173210,0316,USD,218.57,0663011190577329,18224,Freeland
COMPANY 4,FZXC0wg0LvaJ6atJJx2a9vnfSFj4QhlOgbU,2345502971501633006,3,20130312173210,0813,USD,18.31,4959093407575064,55470,Minneapolis
COMPANY 5,ljh71ujKshzWNfXMdQyN8O7vaNHlmPCCnAx,6388500771470313223,2,20130312173210,0415,USD,314.94,7116826188355220,39194,Yazoo City
COMPANY 6,g6vtmaWp0CdIPEaeWfAeeu576BE7IuDk9H5,5202363682168656195,3,20130312173210,0215,USD,328.52,0497135571326680,85739,Tucson
COMPANY 7,FYYQLlKwnmIor4nxrpKu0EnYXFC3aBy8oWl,8704922945605006285,0,20130312173210,0814,USD,261.11,1861218392021391,97423,Coquille
COMPANY 8,ljh71ujKshzWNfXMdQyN8O7vaNHlmPCCnAx,1241441620952009753,1,20130312173210,0816,USD,34.29,3594534131211228,40017,Defoe
COMPANY 9,ljh71ujKshzWNfXMdQyN8O7vaNHlmPCCnAx,2049824339216248859,2,20130312173210,0714,USD,31.51,6871027833256174,71334,Ferriday
COMPANY 10,rv8wv6hvHFQDM0EkYIIdLax0w9tAEpfcusb,8444892452744211258,4,20130312173210,0115,USD,19.11,0147047861622147,20606,Abell
COMPANY 11,FYYQLlKwnmIor4nxrpKu0EnYXFC3aBy8oWl,6711684159112145247,3,20130312173210,1016,USD,13.35,3393959959748003,65803,Springfield
COMPANY 12,nEZbNackgSSIraJ9LJn0oIOgLuzSwnsSGpC,2170917252915101139,4,20130312173210,1115,USD,21.82,8705618425178316,17858,Numidia
COMPANY 13,FYYQLlKwnmIor4nxrpKu0EnYXFC3aBy8oWl,0352739523287845149,0,20130312173210,0513,USD,172.34,1262434207146604,85201,Mesa
COMPANY 14,EceNARbgYst6D8MWy1eL1bUjWn0yHmn4JsO,8052590134972701289,0,20130312173210,0314,USD,279.88,0475332198978230,83415,Idaho Falls
COMPANY 15,EceNARbgYst6D8MWy1eL1bUjWn0yHmn4JsO,0359423816406729272,2,20130312173210,1117,USD,13.93,0356197503721097,04057,North Bridgton
COMPANY 16,FZXC0wg0LvaJ6atJJx2a9vnfSFj4QhlOgbU,7896845929312196858,3,20130312173210,0916,USD,200.28,9562859439056363,28303,Fayetteville
COMPANY 17,IYuqAbAQ07NS3lZO74VGPldfAUAGKwzR2k3,4189800199717202739,5,20130312173210,0313,USD,5.07,8533453518934412,26332,Bristol
COMPANY 18,ljh71ujKshzWNfXMdQyN8O7vaNHlmPCCnAx,9657218171017392748,1,20130312173210,0415,USD,12.36,7124513979990553,78767,Austin
COMPANY 19,LETW3dU8XZykO0JzYybqho6c2sLSGZseCAG,9541386883284501047,4,20130312173210,0914,USD,2770.99,8380358794348421,93450,San Ardo
COMPANY 20,ArmWLTZe4JPWv31OdGz0CKyHJ2Ujwpa1dXd,8398658609853410432,5,20130312173210,1215,USD,309.43,1235034394267885,86332,Kirkland
COMPANY 21,FYYQLlKwnmIor4nxrpKu0EnYXFC3aBy8oWl,1240977266346561174,0,20130312173210,0215,USD,146.99,4119305573039319,50042,Brayton
COMPANY 22,EceNARbgYst6D8MWy1eL1bUjWn0yHmn4JsO,4437863651672330378,5,20130312173210,1014,USD,25.92,3405072433378550,07878,Mount Tabor
COMPANY 23,ODgFVphsQmISunBKPDKDcaeLkLUhlCrWUib,5335394167601117019,0,20130312173210,0616,USD,101.30,9477900349953860,15720,Brush Valley
COMPANY 24,FYYQLlKwnmIor4nxrpKu0EnYXFC3aBy8oWl,6131274268164218687,1,20130312173210,0115,USD,33.04,1472144565316973,67756,Saint Francis
COMPANY 25,EceNARbgYst6D8MWy1eL1bUjWn0yHmn4JsO,8894283464667819801,6,20130312173210,1117,USD,2150.54,9454569383851930,50981,Des Moines
COMPANY 26,IYuqAbAQ07NS3lZO74VGPldfAUAGKwzR2k3,8548204536088359189,2,20130312173210,0313,USD,44.63,9431495281949470,11103,Astoria
COMPANY 27,ljh71ujKshzWNfXMdQyN8O7vaNHlmPCCnAx,3789256259270425576,5,20130312173210,0115,USD,208.16,7124513979990553,78767,Austin
COMPANY 28,FYYQLlKwnmIor4nxrpKu0EnYXFC3aBy8oWl,8138759137164601219,2,20130312173210,1014,USD,2123.03,1262434207146604,85201,Mesa
COMPANY 29,Pi43n6LG9D64nLbj8uPFZxmGIkzUhElwo2Q,0668026210569904225,5,20130312173210,0415,USD,186.37,7671004295947738,89125,Las Vegas
COMPANY 30,z4LrXMvGSM2xmA58rYg0Xy1IKunfn8FVuHd,0125376429966914828,0,20130312173210,0213,USD,35.84,8990440421404837,31029,Forsyth

