{
     "namespace": "test",
     "name": "SensorFeed",
     "version": "1.0",
     "type": "record",
     "fields": [
       {
        "name": "order_id",
        "type": "INTEGER",
         "position":"0"
        },        
       {
        "name": "district_id",
        "type": "INTEGER",
         "position":"1"
        },        
       {
        "name": "warehouse_id",
        "type": "INTEGER",
         "position":"2"
        },        
       {
        "name": "customer_name",
        "type": "STRING",
         "position":"3"
        },        
       {
        "name": "count_id",
        "type": "INTEGER",
         "position":"4"
        },        
       {
        "name": "price",
        "type": "DOUBLE",
         "position":"5"
        }        
      ]
    }
